{
    "name": "GSM Library",
    "description": "SIM900/SIM800 Library that using Flow Control for higher baudrate and minimum error rate.",
    "keywords": "arduino, gsm, sim900, sim800",
    "authors": [{
        "name": "Farid Inawan",
        "email": "frdteknikelektro@gmail.com",
        "url": "https://github.com/frdteknikelektro",
        "maintainer": true
    }, {
        "name": "Winneryanto Dwi Indra",
        "email": "winneryanto.dwi.indra@gmail.com",
        "url": "https://github.com/Winneryanto"
    }, {
        "name": "Zandy Yudha Perwira",
        "email": "zandy.yudha.p@gmail.com",
        "url": "https://github.com/GusZandy"
    }],
    "repository": {
        "type": "git",
        "url": "https://github.com/Atnic/GSM-library.git"
    },
    "version": "0.7.4",
    "license": "MIT",
    "frameworks": ["arduino"],
    "platforms": ["atmelavr"]
}
